datetime,open,high,low,close,volume
2026-05-13T12:00:00+00:00,448.0000000000001,458.8200000000001,432.3000000000001,445.13000000000005,44970.1328320802
2026-05-14T12:00:00+00:00,445.13000000000005,452.86000000000007,435.38000000000005,449.4600000000001,48866
2026-05-15T12:00:00+00:00,449.4600000000001,449.4600000000001,423.13000000000005,424.31000000000006,42470.62218867925
2026-05-18T12:00:00+00:00,424.31000000000006,438.31000000000006,410.4200000000001,420.8500000000001,41573
2026-05-19T12:00:00+00:00,420.8500000000001,428.05000000000007,393.19000000000005,414.39000000000004,50452
2026-05-20T12:00:00+00:00,414.39000000000004,448.99,414.39000000000004,447.28000000000003,35746.251449814124
2026-05-21T12:00:00+00:00,447.28000000000003,450.59000000000003,431.28000000000003,448.98,34082
2026-05-22T12:00:00+00:00,448.98,480.68,448.98,467.33,35839.9375877672
2026-05-26T12:00:00+00:00,467.33,506.45,467.33,503.38,35253
2026-05-27T12:00:00+00:00,503.38,509.44,486.3,495.23,28563.60730593607
2026-05-28T12:00:00+00:00,495.23,526.52,493.14,517.59,35501
2026-05-29T12:00:00+00:00,517.59,521.44,502.93999999999994,515.63,23463.27457514162
2026-06-01T12:00:00+00:00,515.63,516.8,486.28999999999996,509.75999999999993,35277
2026-06-02T12:00:00+00:00,509.75999999999993,521.92,500.7099999999999,520.91,23268
2026-06-03T12:00:00+00:00,520.91,545.3799999999999,520.91,542.0599999999998,27496.398398718975
2026-06-04T12:00:00+00:00,542.0599999999998,542.0599999999998,498.82999999999987,522.5999999999999,28691
2026-06-05T12:00:00+00:00,522.5999999999999,522.5999999999999,461.8299999999999,464.87999999999994,52676.13137431081
2026-06-08T12:00:00+00:00,464.87999999999994,492.80999999999995,464.87999999999994,487.9099999999999,31546
2026-06-09T12:00:00+00:00,487.9099999999999,501.7899999999999,435.11999999999995,473.73999999999995,56389
2026-06-10T12:00:00+00:00,473.73999999999995,475.10999999999996,446.43999999999994,449.91999999999996,38015.491382612025
2026-06-11T12:00:00+00:00,449.91999999999996,488.4099999999999,449.91999999999996,486.48999999999995,35257
2026-06-12T12:00:00+00:00,486.48999999999995,519.7099999999999,486.48999999999995,509.96999999999986,51402.88825014021
2026-06-15T12:00:00+00:00,509.96999999999986,556.3099999999998,509.96999999999986,545.4299999999998,29300
2026-06-16T12:00:00+00:00,545.4299999999998,546.6799999999998,505.1799999999999,505.90999999999985,28972
2026-06-17T12:00:00+00:00,505.90999999999985,530.65,505.39999999999986,510.37,71097.7912422278
2026-06-18T12:00:00+00:00,510.37,537.9,510.37,534.81,49190.04978263918
2026-06-22T12:00:00+00:00,534.81,560.79,533.61,550.28,38548
2026-06-23T12:00:00+00:00,550.28,550.28,505.25,517.5799999999999,44813
2026-06-24T12:00:00+00:00,517.5799999999999,523.11,501.85999999999996,517.38,78769.03360620422
2026-06-25T12:00:00+00:00,517.38,548.91,505.24999999999994,530.23,48478
2026-06-26T12:00:00+00:00,530.23,530.23,500.93999999999994,519.0999999999999,32196.816974365785
2026-06-29T12:00:00+00:00,519.0999999999999,540.3699999999999,493.8099999999999,538.1099999999999,52022
2026-06-30T12:00:00+00:00,538.1099999999999,582.9599999999999,538.1099999999999,579.6899999999998,36660
2026-07-01T12:00:00+00:00,579.6899999999998,579.6899999999998,536.7099999999999,539.4699999999999,49582.65515753129
2026-07-02T12:00:00+00:00,539.4699999999999,545.4499999999999,504.17999999999995,515.03,59901.982007710976
2026-07-06T12:00:00+00:00,515.03,570.27,515.03,550.78,29569
2026-07-07T12:00:00+00:00,550.78,550.78,501.28999999999996,514.98,33701
2026-07-08T12:00:00+00:00,514.98,520.98,496.35999999999996,515.53,55881.608310888805
2026-07-09T12:00:00+00:00,515.53,557.76,515.53,545.03,50126
2026-07-10T12:00:00+00:00,545.03,558.51,538.44,556.33,41841.0034170257
2026-07-13T12:00:00+00:00,556.33,556.33,525.21,532.84,77038
2026-07-14T12:00:00+00:00,532.84,572.1800000000001,532.84,546.44,59744
2026-07-15T12:00:00+00:00,546.44,556.86,507.8800000000001,527.3700000000001,80554.95615275812
2026-07-16T12:00:00+00:00,527.3700000000001,527.3700000000001,490.0900000000001,499.4000000000001,85209
2026-07-17T12:00:00+00:00,499.4000000000001,503.8200000000001,458.5100000000001,493.7100000000001,112475.14131254714
2026-07-20T12:00:00+00:00,493.7100000000001,520.4000000000001,493.7100000000001,501.4900000000001,48522
2026-07-21T12:00:00+00:00,501.4900000000001,544.8900000000001,501.4900000000001,542.4100000000001,33629
2026-07-22T12:00:00+00:00,542.4100000000001,559.7500000000001,525.9400000000002,551.0800000000002,45880.591346153844
2026-07-23T12:00:00+00:00,551.0800000000002,554.7000000000002,523.3700000000001,538.2100000000002,69475
2026-07-24T12:00:00+00:00,538.2100000000002,547.4300000000002,516.5800000000002,520.3900000000001,69527
2026-07-27T12:00:00+00:00,520.3900000000001,525.7900000000001,475.4400000000001,494.15000000000003,66565.29321557429
2026-07-28T12:00:00+00:00,494.15000000000003,494.15000000000003,441.63000000000005,454.58000000000004,58931
2026-07-29T12:00:00+00:00,454.58000000000004,456.14000000000004,424.18000000000006,429.61,92435.63812683425
2026-07-30T12:00:00+00:00,429.61,498.15000000000003,429.61,485.24000000000007,71416
2026-07-31T12:00:00+00:00,485.24000000000007,515.4000000000001,475.73,476.49000000000007,91490
2026-08-03T12:00:00+00:00,476.49000000000007,490.96000000000004,455.57000000000005,484.30000000000007,76229
2026-08-04T12:00:00+00:00,484.30000000000007,530.1000000000001,484.30000000000007,526.4800000000001,67225
2026-08-05T12:00:00+00:00,526.4800000000001,526.4800000000001,478.3600000000001,481.4900000000002,98150.16462841016
2026-08-06T12:00:00+00:00,481.4900000000002,496.6000000000002,469.59000000000015,489.40000000000015,98182
2026-08-07T12:00:00+00:00,489.40000000000015,498.01000000000016,476.03000000000014,483.32000000000016,95852
2026-08-10T12:00:00+00:00,483.32000000000016,483.32000000000016,469.25000000000017,469.9200000000002,68871
2026-08-11T12:00:00+00:00,469.9200000000002,475.94000000000017,463.1700000000002,473.8700000000002,74222
2026-08-12T12:00:00+00:00,473.8700000000002,491.4900000000002,473.8700000000002,482.5300000000002,66667.32941608521
2026-08-13T12:00:00+00:00,482.5300000000002,497.81000000000023,480.9100000000002,482.9300000000002,27479
2026-08-14T12:00:00+00:00,482.9300000000002,514.4000000000002,482.9300000000002,513.9900000000002,38654.261386673876
2026-08-17T12:00:00+00:00,513.9900000000002,517.0200000000002,504.3600000000002,505.8800000000002,45390
2026-08-18T12:00:00+00:00,505.8800000000002,505.8800000000002,474.7400000000002,484.0000000000002,68053
2026-08-19T12:00:00+00:00,484.0000000000002,486.5700000000002,462.4500000000002,466.4100000000002,72264.97617480584
2026-08-20T12:00:00+00:00,466.4100000000002,475.1600000000002,460.0700000000002,468.8900000000002,59056
2026-08-21T12:00:00+00:00,468.8900000000002,476.8200000000002,461.9000000000002,473.0300000000002,51219
2026-08-24T12:00:00+00:00,473.0300000000002,473.0300000000002,451.0000000000002,456.3400000000002,53978
2026-08-25T12:00:00+00:00,456.3400000000002,481.3400000000002,456.3400000000002,479.0100000000002,74933
2026-08-26T12:00:00+00:00,479.0100000000002,490.7700000000002,473.7300000000002,481.3900000000002,32605
2026-08-27T12:00:00+00:00,481.3900000000002,482.3200000000002,469.4500000000002,476.56000000000023,36624
2026-08-28T12:00:00+00:00,476.56000000000023,478.5700000000002,465.1000000000002,465.5000000000002,43984
2026-08-31T12:00:00+00:00,465.5000000000002,475.1400000000002,463.5300000000002,469.9000000000002,28258
2026-09-01T12:00:00+00:00,469.9000000000002,469.9000000000002,452.1600000000002,459.56000000000023,31933
